# index, node_type, node_subtype, name, _pos
0,PHARYNX,,I1L,"array([4.01496312, 1.08856886])"
1,PHARYNX,,I1R,"array([3.98914869, 1.10633782])"
2,PHARYNX,,I2L,"array([4.00294759, 1.04699199])"
3,PHARYNX,,I2R,"array([3.97361521, 1.09098883])"
4,PHARYNX,,I3,"array([3.99945606, 1.07068489])"
5,PHARYNX,,I4,"array([3.93060206, 1.04338654])"
6,PHARYNX,,I5,"array([3.94228296, 1.02283597])"
7,PHARYNX,,I6,"array([3.97889364, 1.05422717])"
8,PHARYNX,,M1,"array([3.99702597, 1.0099549 ])"
9,PHARYNX,,M2L,"array([3.97594601, 1.01734337])"
10,PHARYNX,,M2R,"array([3.90418814, 1.06733952])"
11,PHARYNX,,M3L,"array([3.98356558, 1.03451491])"
12,PHARYNX,,M3R,"array([3.92932159, 1.07345421])"
13,PHARYNX,,M4,"array([3.95580967, 1.00926633])"
14,PHARYNX,,M5,"array([3.89823134, 0.93160618])"
15,PHARYNX,,MCL,"array([4.0320638 , 1.13676754])"
16,PHARYNX,,MCR,"array([4.06968759, 1.17162048])"
17,PHARYNX,,MI,"array([3.9705673 , 1.07234698])"
18,PHARYNX,,NSML,"array([3.95895813, 1.04112348])"
19,PHARYNX,,NSMR,"array([3.94642472, 1.06247009])"
20,PHARYNX,,pm1,"array([4.05541879, 1.09199226])"
21,PHARYNX,,pm2D,"array([4.07406528, 0.92990468])"
22,PHARYNX,,pm2VL,"array([3.98621635, 0.89316382])"
23,PHARYNX,,pm3D,"array([3.91331881, 1.17486201])"
24,PHARYNX,,pm3VL,"array([4.10905949, 1.16838873])"
25,PHARYNX,,pm3VR,"array([4.098763  , 1.26259921])"
26,PHARYNX,,pm4D,"array([3.94826043, 1.09559717])"
27,PHARYNX,,pm4VL,"array([4.03777456, 1.04655751])"
28,PHARYNX,,pm4VR,"array([3.90620522, 1.10501995])"
29,PHARYNX,,pm5D,"array([4.01965927, 1.02403043])"
30,PHARYNX,,pm5VL,"array([3.93734977, 0.99075716])"
31,PHARYNX,,pm5VR,"array([3.91268662, 1.02331399])"
32,PHARYNX,,pm6D,"array([3.92220627, 0.83638087])"
33,PHARYNX,,pm6VL,"array([3.84347105, 0.97047859])"
34,PHARYNX,,pm6VR,"array([3.83191487, 0.8331214 ])"
35,PHARYNX,,pm7D,"array([3.88081243, 0.81886576])"
36,PHARYNX,,pm7VR,"array([3.80820908, 0.87207049])"
37,PHARYNX,,mc2DL,"array([4.174463  , 1.25901751])"
38,PHARYNX,,mc2DR,"array([4.13860885, 1.29493091])"
39,PHARYNX,,mc2V,"array([4.10261348, 1.11439196])"
40,PHARYNX,,mc3V,"array([3.86432513, 0.86388874])"
41,PHARYNX,,e3D,"array([4.03595102, 0.89654125])"
42,PHARYNX,,e3VL,"array([4.00791369, 0.94246261])"
43,PHARYNX,,e3VR,"array([3.85636893, 1.12826011])"
44,PHARYNX,,g1p,"array([4.02590321, 0.97303694])"
45,PHARYNX,,g1AL,"array([3.94137422, 0.94457586])"
46,PHARYNX,,g1AR,"array([3.879703 , 1.0002041])"
47,PHARYNX,,g2L,"array([3.86616577, 0.9325554 ])"
48,PHARYNX,,g2R,"array([3.79415066, 0.91353878])"
49,PHARYNX,,bm,"array([3.87489848, 1.0522139 ])"
50,SENSOSRY NEURONS,,ASIL,"array([4.1891767 , 1.56683821])"
51,SENSOSRY NEURONS,,ASIR,"array([4.1441679, 1.7060417])"
52,SENSOSRY NEURONS,,ASJL,"array([4.26338829, 1.52123061])"
53,SENSOSRY NEURONS,,ASJR,"array([4.27898711, 1.73394655])"
54,SENSOSRY NEURONS,,AWAL,"array([4.25550466, 1.55077924])"
55,SENSOSRY NEURONS,,AWAR,"array([4.2057344 , 1.63050586])"
56,SENSOSRY NEURONS,,ASGL,"array([4.23750507, 1.59132835])"
57,SENSOSRY NEURONS,,ASGR,"array([4.21305738, 1.68695201])"
58,SENSOSRY NEURONS,,AWBL,"array([4.29291814, 1.58709551])"
59,SENSOSRY NEURONS,,AWBR,"array([4.26112214, 1.65758973])"
60,SENSOSRY NEURONS,,ASEL,"array([4.22442913, 1.56410381])"
61,SENSOSRY NEURONS,,ASER,"array([4.2316959 , 1.66961174])"
62,SENSOSRY NEURONS,,ADFL,"array([4.31363668, 1.58190322])"
63,SENSOSRY NEURONS,,ADFR,"array([4.28879141, 1.61831856])"
64,SENSOSRY NEURONS,,AFDL,"array([4.19011721, 1.50953837])"
65,SENSOSRY NEURONS,,AFDR,"array([4.18675999, 1.65417085])"
66,SENSOSRY NEURONS,,AWCL,"array([4.20588949, 1.59491185])"
67,SENSOSRY NEURONS,,AWCR,"array([4.22508768, 1.64921646])"
68,SENSOSRY NEURONS,,ASKL,"array([4.23586173, 1.62165155])"
69,SENSOSRY NEURONS,,ASKR,"array([4.22589499, 1.75579765])"
70,SENSOSRY NEURONS,,ASHL,"array([4.32863686, 1.67729087])"
71,SENSOSRY NEURONS,,ASHR,"array([4.30121965, 1.74963988])"
72,SENSOSRY NEURONS,,ADLL,"array([4.33813072, 1.69336425])"
73,SENSOSRY NEURONS,,ADLR,"array([4.30865675, 1.70101466])"
74,SENSOSRY NEURONS,,BAGL,"array([4.29267152, 1.64081587])"
75,SENSOSRY NEURONS,,BAGR,"array([3.43896101, 2.36130909])"
76,SENSOSRY NEURONS,,URXL,"array([4.31600107, 1.4402645 ])"
77,SENSOSRY NEURONS,,URXR,"array([4.33124979, 1.64163383])"
78,SENSOSRY NEURONS,,ALNL,"array([4.45667533, 1.66241162])"
79,SENSOSRY NEURONS,,ALNR,"array([4.49794178, 1.49496822])"
80,SENSOSRY NEURONS,,PLNL,"array([4.47129375, 1.61537575])"
81,SENSOSRY NEURONS,,PLNR,"array([4.42803159, 1.7111174 ])"
82,SENSOSRY NEURONS,,SDQL,"array([4.51864444, 1.51466187])"
83,SENSOSRY NEURONS,,SDQR,"array([4.47434765, 1.65427908])"
84,SENSOSRY NEURONS,,AQR,"array([4.41766924, 1.69036951])"
85,SENSOSRY NEURONS,,PQR,"array([4.46085993, 1.82393455])"
86,SENSOSRY NEURONS,,ALML,"array([4.35297807, 1.67635775])"
87,SENSOSRY NEURONS,,ALMR,"array([4.38494625, 1.66407278])"
88,SENSOSRY NEURONS,,AVM,"array([4.39619187, 1.71038409])"
89,SENSOSRY NEURONS,,PVM,"array([4.45724529, 1.7556958 ])"
90,SENSOSRY NEURONS,,PLML,"array([4.53623992, 1.76789546])"
91,SENSOSRY NEURONS,,PLMR,"array([4.45507839, 1.78103967])"
92,SENSOSRY NEURONS,,FLPL,"array([4.45800313, 1.68316396])"
93,SENSOSRY NEURONS,,FLPR,"array([4.42982955, 1.67176894])"
94,SENSOSRY NEURONS,,DVA,"array([4.44022576, 1.69140156])"
95,SENSOSRY NEURONS,,PVDL,"array([4.48519508, 1.79120284])"
96,SENSOSRY NEURONS,,PVDR,"array([4.51230272, 1.76468261])"
97,SENSOSRY NEURONS,,ADEL,"array([4.40631878, 1.65894291])"
98,SENSOSRY NEURONS,,ADER,"array([4.44086835, 1.62880578])"
99,SENSOSRY NEURONS,,PDEL,"array([4.47535284, 1.77388861])"
100,SENSOSRY NEURONS,,PDER,"array([4.50328583, 1.78102583])"
101,SENSOSRY NEURONS,,PHAL,"array([4.37195037, 1.82663015])"
102,SENSOSRY NEURONS,,PHAR,"array([4.41167709, 1.82467166])"
103,SENSOSRY NEURONS,,PHBL,"array([4.3201493 , 1.85843755])"
104,SENSOSRY NEURONS,,PHBR,"array([4.33982492, 1.83388444])"
105,SENSOSRY NEURONS,,PHCL,"array([4.38821509, 1.89235545])"
106,SENSOSRY NEURONS,,PHCR,"array([4.38379448, 1.87844306])"
107,SENSOSRY NEURONS,,IL2DL,"array([4.2918963 , 1.44660657])"
108,SENSOSRY NEURONS,,IL2DR,"array([4.2857733 , 1.47360778])"
109,SENSOSRY NEURONS,,IL2L,"array([4.34826886, 1.47354686])"
110,SENSOSRY NEURONS,,IL2R,"array([4.31507242, 1.5415777 ])"
111,SENSOSRY NEURONS,,IL2VL,"array([4.31192933, 1.49753896])"
112,SENSOSRY NEURONS,,IL2VR,"array([4.30605416, 1.47956115])"
113,SENSOSRY NEURONS,,CEPDL,"array([4.38796712, 1.5541857 ])"
114,SENSOSRY NEURONS,,CEPDR,"array([4.3568498 , 1.54838639])"
115,SENSOSRY NEURONS,,CEPVL,"array([4.37076302, 1.54184506])"
116,SENSOSRY NEURONS,,CEPVR,"array([4.36189963, 1.58799136])"
117,SENSOSRY NEURONS,,URYDL,"array([4.43756539, 1.2621475 ])"
118,SENSOSRY NEURONS,,URYDR,"array([4.20470302, 1.53815186])"
119,SENSOSRY NEURONS,,URYVL,"array([4.19601215, 1.71550294])"
120,SENSOSRY NEURONS,,URYVR,"array([4.17244338, 1.59728918])"
121,SENSOSRY NEURONS,,OLLL,"array([4.44477536, 1.48138931])"
122,SENSOSRY NEURONS,,OLLR,"array([4.34196999, 1.53889071])"
123,SENSOSRY NEURONS,,OLQDL,"array([4.38210271, 1.48164286])"
124,SENSOSRY NEURONS,,OLQDR,"array([4.34699745, 1.51834925])"
125,SENSOSRY NEURONS,,OLQVL,"array([4.36646676, 1.52164252])"
126,SENSOSRY NEURONS,,OLQVR,"array([4.35140779, 1.57086596])"
127,SENSOSRY NEURONS,,IL1DL,"array([4.38695603, 1.42837855])"
128,SENSOSRY NEURONS,,IL1DR,"array([4.32788311, 1.4177905 ])"
129,SENSOSRY NEURONS,,IL1L,"array([4.41395893, 1.43797227])"
130,SENSOSRY NEURONS,,IL1R,"array([4.32869694, 1.51943152])"
131,SENSOSRY NEURONS,,IL1VL,"array([4.36760664, 1.47468045])"
132,SENSOSRY NEURONS,,IL1VR,"array([4.33363382, 1.49249134])"
133,INTERNEURONS,,AINL,"array([4.24753095, 1.68641621])"
134,INTERNEURONS,,AINR,"array([4.29728076, 1.56532584])"
135,INTERNEURONS,,AIML,"array([4.25253884, 1.63241047])"
136,INTERNEURONS,,AIMR,"array([4.23061264, 1.71140447])"
137,INTERNEURONS,,RIH,"array([4.33542675, 1.56051216])"
138,INTERNEURONS,,URBL,"array([4.38982866, 1.4033053 ])"
139,INTERNEURONS,,URBR,"array([4.24625439, 1.48447797])"
140,INTERNEURONS,,RIR,"array([4.33088761, 1.6590492 ])"
141,INTERNEURONS,,AIYL,"array([4.2755937, 1.574086 ])"
142,INTERNEURONS,,AIYR,"array([4.27096093, 1.62802586])"
143,INTERNEURONS,,AIAL,"array([4.25997705, 1.60741287])"
144,INTERNEURONS,,AIAR,"array([4.2560054 , 1.71402855])"
145,INTERNEURONS,,AUAL,"array([4.32692519, 1.60467131])"
146,INTERNEURONS,,AUAR,"array([4.28687608, 1.65986789])"
147,INTERNEURONS,,AIZL,"array([4.34904523, 1.60028786])"
148,INTERNEURONS,,AIZR,"array([4.34188595, 1.62007824])"
149,INTERNEURONS,,RIS,"array([4.39991372, 1.61506357])"
150,INTERNEURONS,,ALA,"array([4.62662751, 1.76079969])"
151,INTERNEURONS,,PVQL,"array([4.31261847, 1.7240863 ])"
152,INTERNEURONS,,PVQR,"array([4.35154823, 1.80763281])"
153,INTERNEURONS,,ADAL,"array([4.35957891, 1.63749556])"
154,INTERNEURONS,,ADAR,"array([5.45335298, 1.12216253])"
155,INTERNEURONS,,RIFL,"array([4.39558971, 1.67529709])"
156,INTERNEURONS,,RIFR,"array([4.35254735, 1.75317073])"
157,INTERNEURONS,,BDUL,"array([4.303128  , 1.60743846])"
158,INTERNEURONS,,BDUR,"array([4.28494914, 1.69158324])"
159,INTERNEURONS,,PVR,"array([4.44790465, 1.71753196])"
160,INTERNEURONS,,AVFL,"array([4.40959312, 1.79856319])"
161,INTERNEURONS,,AVFR,"array([4.42088222, 1.80882732])"
162,INTERNEURONS,,AVHL,"array([4.38120234, 1.72241672])"
163,INTERNEURONS,,AVHR,"array([4.33111445, 1.76189792])"
164,INTERNEURONS,,PVPL,"array([4.4090178 , 1.77802638])"
165,INTERNEURONS,,PVPR,"array([4.37057269, 1.73644244])"
166,INTERNEURONS,,LUAL,"array([4.45266838, 1.81146675])"
167,INTERNEURONS,,LUAR,"array([4.46897449, 1.80219881])"
168,INTERNEURONS,,PVNL,"array([4.41946439, 1.8470806 ])"
169,INTERNEURONS,,PVNR,"array([4.40763231, 1.83936002])"
170,INTERNEURONS,,AVG,"array([4.39624583, 1.846039  ])"
171,INTERNEURONS,,DVB,"array([4.31633681, 1.83880728])"
172,INTERNEURONS,,RIBL,"array([4.3696186 , 1.57509517])"
173,INTERNEURONS,,RIBR,"array([4.35886569, 1.61630668])"
174,INTERNEURONS,,RIGL,"array([4.38626757, 1.63203795])"
175,INTERNEURONS,,RIGR,"array([4.37034242, 1.65334001])"
176,INTERNEURONS,,RMGL,"array([4.42580766, 1.58008035])"
177,INTERNEURONS,,RMGR,"array([4.37550379, 1.59728453])"
178,INTERNEURONS,,AIBL,"array([4.34492113, 1.63630593])"
179,INTERNEURONS,,AIBR,"array([4.35071448, 1.65682113])"
180,INTERNEURONS,,RICL,"array([4.37763471, 1.61383144])"
181,INTERNEURONS,,RICR,"array([4.40881883, 1.57705776])"
182,INTERNEURONS,,SAADL,"array([4.41800457, 1.61648757])"
183,INTERNEURONS,,SAADR,"array([4.43283785, 1.6145462 ])"
184,INTERNEURONS,,SAAVL,"array([4.4540626 , 1.60705836])"
185,INTERNEURONS,,SAAVR,"array([4.4584391 , 1.62896017])"
186,INTERNEURONS,,AVKL,"array([4.46183158, 1.72662447])"
187,INTERNEURONS,,AVKR,"array([4.41155378, 1.72265353])"
188,INTERNEURONS,,DVC,"array([4.41631915, 1.75585819])"
189,INTERNEURONS,,AVJL,"array([4.39986087, 1.74247606])"
190,INTERNEURONS,,AVJR,"array([4.33632592, 1.78535381])"
191,INTERNEURONS,,PVT,"array([4.35509384, 1.70719043])"
192,INTERNEURONS,,AVDL,"array([4.4731103 , 1.70837574])"
193,INTERNEURONS,,AVDR,"array([4.48164798, 1.72191169])"
194,INTERNEURONS,,AVL,"array([4.3864253 , 1.75697381])"
195,INTERNEURONS,,PVWL,"array([4.54288426, 1.89858405])"
196,INTERNEURONS,,PVWR,"array([4.52975611, 1.93491166])"
197,INTERNEURONS,,RIAL,"array([4.39383777, 1.56995658])"
198,INTERNEURONS,,RIAR,"array([4.39564431, 1.59086984])"
199,INTERNEURONS,,RIML,"array([4.40347653, 1.63659875])"
200,INTERNEURONS,,RIMR,"array([4.41815692, 1.63537435])"
201,INTERNEURONS,,AVEL,"array([4.44398614, 1.64392076])"
202,INTERNEURONS,,AVER,"array([4.48790422, 1.64579504])"
203,INTERNEURONS,,RMFL,"array([4.41394112, 1.59558   ])"
204,INTERNEURONS,,RMFR,"array([4.33318829, 1.58553355])"
205,INTERNEURONS,,RID,"array([4.33811818, 1.71829107])"
206,INTERNEURONS,,AVBL,"array([4.42874651, 1.7352844 ])"
207,INTERNEURONS,,AVBR,"array([4.44142785, 1.75434249])"
208,INTERNEURONS,,AVAL,"array([4.49574797, 1.74498042])"
209,INTERNEURONS,,AVAR,"array([4.4949037 , 1.72893288])"
210,INTERNEURONS,,PVCL,"array([4.48362156, 1.75650922])"
211,INTERNEURONS,,PVCR,"array([4.47401011, 1.74671628])"
212,INTERNEURONS,,RIPL,"array([4.27349556, 1.39397919])"
213,INTERNEURONS,,RIPR,"array([4.28444751, 1.50182419])"
214,MOTOR NEURONS,HEAD MOTOR NEURONS,URADL,"array([4.36550553, 1.38721885])"
215,MOTOR NEURONS,HEAD MOTOR NEURONS,URADR,"array([4.35048003, 1.42971997])"
216,MOTOR NEURONS,HEAD MOTOR NEURONS,URAVL,"array([4.35946289, 1.41045805])"
217,MOTOR NEURONS,HEAD MOTOR NEURONS,URAVR,"array([4.36849802, 1.44540226])"
218,MOTOR NEURONS,HEAD MOTOR NEURONS,RMEL,"array([4.32336511, 1.46379985])"
219,MOTOR NEURONS,HEAD MOTOR NEURONS,RMER,"array([4.34226049, 1.44911736])"
220,MOTOR NEURONS,HEAD MOTOR NEURONS,RMED,"array([4.42495487, 1.48513534])"
221,MOTOR NEURONS,HEAD MOTOR NEURONS,RMEV,"array([4.38934944, 1.51892443])"
222,MOTOR NEURONS,HEAD MOTOR NEURONS,RMDDL,"array([4.40392067, 1.4792736 ])"
223,MOTOR NEURONS,HEAD MOTOR NEURONS,RMDDR,"array([4.40615596, 1.51279438])"
224,MOTOR NEURONS,HEAD MOTOR NEURONS,RMDL,"array([4.3942225 , 1.49851441])"
225,MOTOR NEURONS,HEAD MOTOR NEURONS,RMDR,"array([4.39564232, 1.54018982])"
226,MOTOR NEURONS,HEAD MOTOR NEURONS,RMDVL,"array([4.41017197, 1.49675522])"
227,MOTOR NEURONS,HEAD MOTOR NEURONS,RMDVR,"array([4.42184268, 1.51116468])"
228,MOTOR NEURONS,HEAD MOTOR NEURONS,RIVL,"array([4.45621703, 1.5339078 ])"
229,MOTOR NEURONS,HEAD MOTOR NEURONS,RIVR,"array([4.43962831, 1.55214089])"
230,MOTOR NEURONS,HEAD MOTOR NEURONS,RMHL,"array([4.38430767, 1.58006313])"
231,MOTOR NEURONS,HEAD MOTOR NEURONS,RMHR,"array([4.35316749, 1.49611585])"
232,MOTOR NEURONS,SUBLATERAL MOTOR NEURONS,SABD,"array([4.43336233, 1.60083394])"
233,MOTOR NEURONS,SUBLATERAL MOTOR NEURONS,SABVL,"array([4.42844   , 1.65126452])"
234,MOTOR NEURONS,SUBLATERAL MOTOR NEURONS,SABVR,"array([4.48441063, 1.62709026])"
235,MOTOR NEURONS,SUBLATERAL MOTOR NEURONS,SMDDL,"array([4.47534438, 1.58175783])"
236,MOTOR NEURONS,SUBLATERAL MOTOR NEURONS,SMDDR,"array([4.45814165, 1.57545631])"
237,MOTOR NEURONS,SUBLATERAL MOTOR NEURONS,SMDVL,"array([4.47433479, 1.55103226])"
238,MOTOR NEURONS,SUBLATERAL MOTOR NEURONS,SMDVR,"array([4.4960739 , 1.55583134])"
239,MOTOR NEURONS,SUBLATERAL MOTOR NEURONS,SMBDL,"array([4.48053659, 1.56817861])"
240,MOTOR NEURONS,SUBLATERAL MOTOR NEURONS,SMBDR,"array([4.45736503, 1.55686212])"
241,MOTOR NEURONS,SUBLATERAL MOTOR NEURONS,SMBVL,"array([4.45339545, 1.59051784])"
242,MOTOR NEURONS,SUBLATERAL MOTOR NEURONS,SMBVR,"array([4.46743674, 1.5945091 ])"
243,MOTOR NEURONS,SUBLATERAL MOTOR NEURONS,SIBDL,"array([4.51907955, 1.59678744])"
244,MOTOR NEURONS,SUBLATERAL MOTOR NEURONS,SIBDR,"array([4.48404801, 1.60083607])"
245,MOTOR NEURONS,SUBLATERAL MOTOR NEURONS,SIBVL,"array([4.53312514, 1.55177765])"
246,MOTOR NEURONS,SUBLATERAL MOTOR NEURONS,SIBVR,"array([4.49734555, 1.59055164])"
247,MOTOR NEURONS,SUBLATERAL MOTOR NEURONS,SIADL,"array([4.53457024, 1.59278886])"
248,MOTOR NEURONS,SUBLATERAL MOTOR NEURONS,SIADR,"array([4.49815084, 1.57568921])"
249,MOTOR NEURONS,SUBLATERAL MOTOR NEURONS,SIAVL,"array([4.5053749, 1.607861 ])"
250,MOTOR NEURONS,SUBLATERAL MOTOR NEURONS,SIAVR,"array([4.51967077, 1.56994859])"
251,MOTOR NEURONS,VENTRAL CORD MOTOR NEURONS,DA01,"array([4.52425636, 1.61747792])"
252,MOTOR NEURONS,VENTRAL CORD MOTOR NEURONS,DA02,"array([4.55256856, 1.60566509])"
253,MOTOR NEURONS,VENTRAL CORD MOTOR NEURONS,DA03,"array([4.55935852, 1.65306473])"
254,MOTOR NEURONS,VENTRAL CORD MOTOR NEURONS,DA04,"array([4.57326175, 1.7044543 ])"
255,MOTOR NEURONS,VENTRAL CORD MOTOR NEURONS,DA05,"array([4.59156826, 1.70234719])"
256,MOTOR NEURONS,VENTRAL CORD MOTOR NEURONS,DA06,"array([4.55573147, 1.7128859 ])"
257,MOTOR NEURONS,VENTRAL CORD MOTOR NEURONS,DA07,"array([4.57227109, 1.75372354])"
258,MOTOR NEURONS,VENTRAL CORD MOTOR NEURONS,DA08,"array([4.53650304, 1.81712999])"
259,MOTOR NEURONS,VENTRAL CORD MOTOR NEURONS,DA09,"array([4.51786227, 1.86873788])"
260,MOTOR NEURONS,VENTRAL CORD MOTOR NEURONS,PDA,"array([4.50548662, 1.921945  ])"
261,MOTOR NEURONS,VENTRAL CORD MOTOR NEURONS,DB01,"array([4.58812606, 1.57338412])"
262,MOTOR NEURONS,VENTRAL CORD MOTOR NEURONS,DB02,"array([4.58853572, 1.63959671])"
263,MOTOR NEURONS,VENTRAL CORD MOTOR NEURONS,DB03,"array([4.56429306, 1.68838383])"
264,MOTOR NEURONS,VENTRAL CORD MOTOR NEURONS,DB04,"array([4.53916874, 1.72292744])"
265,MOTOR NEURONS,VENTRAL CORD MOTOR NEURONS,DB05,"array([4.60090582, 1.74780549])"
266,MOTOR NEURONS,VENTRAL CORD MOTOR NEURONS,DB06,"array([4.55593394, 1.78155281])"
267,MOTOR NEURONS,VENTRAL CORD MOTOR NEURONS,DB07,"array([4.51817205, 1.88484098])"
268,MOTOR NEURONS,VENTRAL CORD MOTOR NEURONS,AS01,"array([4.54247073, 1.6191471 ])"
269,MOTOR NEURONS,VENTRAL CORD MOTOR NEURONS,AS02,"array([4.58026748, 1.62016603])"
270,MOTOR NEURONS,VENTRAL CORD MOTOR NEURONS,AS03,"array([4.62768105, 1.64914113])"
271,MOTOR NEURONS,VENTRAL CORD MOTOR NEURONS,AS04,"array([4.54966011, 1.69402743])"
272,MOTOR NEURONS,VENTRAL CORD MOTOR NEURONS,AS05,"array([4.59280274, 1.72333023])"
273,MOTOR NEURONS,VENTRAL CORD MOTOR NEURONS,AS06,"array([4.61833095, 1.71419264])"
274,MOTOR NEURONS,VENTRAL CORD MOTOR NEURONS,AS07,"array([4.5489023 , 1.74308957])"
275,MOTOR NEURONS,VENTRAL CORD MOTOR NEURONS,AS08,"array([4.61106497, 1.79705968])"
276,MOTOR NEURONS,VENTRAL CORD MOTOR NEURONS,AS09,"array([4.57355971, 1.79210627])"
277,MOTOR NEURONS,VENTRAL CORD MOTOR NEURONS,AS10,"array([4.56505813, 1.83167155])"
278,MOTOR NEURONS,VENTRAL CORD MOTOR NEURONS,AS11,"array([4.47999169, 1.86408733])"
279,MOTOR NEURONS,VENTRAL CORD MOTOR NEURONS,PDB,"array([4.41000978, 1.89074222])"
280,MOTOR NEURONS,VENTRAL CORD MOTOR NEURONS,DD01,"array([4.5979582 , 1.55049539])"
281,MOTOR NEURONS,VENTRAL CORD MOTOR NEURONS,DD02,"array([4.64398521, 1.6262784 ])"
282,MOTOR NEURONS,VENTRAL CORD MOTOR NEURONS,DD03,"array([4.56809917, 1.73034721])"
283,MOTOR NEURONS,VENTRAL CORD MOTOR NEURONS,DD04,"array([4.52842857, 1.78509638])"
284,MOTOR NEURONS,VENTRAL CORD MOTOR NEURONS,DD05,"array([4.5189485 , 1.83490713])"
285,MOTOR NEURONS,VENTRAL CORD MOTOR NEURONS,DD06,"array([4.47179773, 1.89813914])"
286,MOTOR NEURONS,VENTRAL CORD MOTOR NEURONS,VA01,"array([4.55477147, 1.56026686])"
287,MOTOR NEURONS,VENTRAL CORD MOTOR NEURONS,VA02,"array([4.55023461, 1.58056515])"
288,MOTOR NEURONS,VENTRAL CORD MOTOR NEURONS,VA03,"array([4.57100594, 1.60249653])"
289,MOTOR NEURONS,VENTRAL CORD MOTOR NEURONS,VA04,"array([4.61008637, 1.64290299])"
290,MOTOR NEURONS,VENTRAL CORD MOTOR NEURONS,VA05,"array([4.62443037, 1.66760155])"
291,MOTOR NEURONS,VENTRAL CORD MOTOR NEURONS,VA06,"array([4.64442189, 1.66640061])"
292,MOTOR NEURONS,VENTRAL CORD MOTOR NEURONS,VA07,"array([4.63229161, 1.69815709])"
293,MOTOR NEURONS,VENTRAL CORD MOTOR NEURONS,VA08,"array([4.62300524, 1.73831666])"
294,MOTOR NEURONS,VENTRAL CORD MOTOR NEURONS,VA09,"array([4.57641937, 1.81006563])"
295,MOTOR NEURONS,VENTRAL CORD MOTOR NEURONS,VA10,"array([4.52544887, 1.80374564])"
296,MOTOR NEURONS,VENTRAL CORD MOTOR NEURONS,VA11,"array([4.53334888, 1.87754777])"
297,MOTOR NEURONS,VENTRAL CORD MOTOR NEURONS,VA12,"array([4.50378714, 1.85026275])"
298,MOTOR NEURONS,VENTRAL CORD MOTOR NEURONS,VB01,"array([4.58446328, 1.53832885])"
299,MOTOR NEURONS,VENTRAL CORD MOTOR NEURONS,VB02,"array([4.63637809, 1.52010749])"
300,MOTOR NEURONS,VENTRAL CORD MOTOR NEURONS,VB03,"array([4.67547253, 1.57701848])"
301,MOTOR NEURONS,VENTRAL CORD MOTOR NEURONS,VB04,"array([4.68728269, 1.63390397])"
302,MOTOR NEURONS,VENTRAL CORD MOTOR NEURONS,VB05,"array([4.61849987, 1.68671459])"
303,MOTOR NEURONS,VENTRAL CORD MOTOR NEURONS,VB06,"array([4.5852325 , 1.76491819])"
304,MOTOR NEURONS,VENTRAL CORD MOTOR NEURONS,VB07,"array([4.59311759, 1.81794337])"
305,MOTOR NEURONS,VENTRAL CORD MOTOR NEURONS,VB08,"array([4.54071559, 1.83386796])"
306,MOTOR NEURONS,VENTRAL CORD MOTOR NEURONS,VB09,"array([4.52515433, 1.85501156])"
307,MOTOR NEURONS,VENTRAL CORD MOTOR NEURONS,VB10,"array([4.5006161 , 1.87024053])"
308,MOTOR NEURONS,VENTRAL CORD MOTOR NEURONS,VB11,"array([4.48181833, 1.83586937])"
309,MOTOR NEURONS,VENTRAL CORD MOTOR NEURONS,VD01,"array([4.61683494, 1.4838104 ])"
310,MOTOR NEURONS,VENTRAL CORD MOTOR NEURONS,VD02,"array([4.59661003, 1.52236816])"
311,MOTOR NEURONS,VENTRAL CORD MOTOR NEURONS,VD03,"array([4.6535585 , 1.55923295])"
312,MOTOR NEURONS,VENTRAL CORD MOTOR NEURONS,VD04,"array([4.65733209, 1.64115176])"
313,MOTOR NEURONS,VENTRAL CORD MOTOR NEURONS,VD05,"array([4.66626138, 1.65997592])"
314,MOTOR NEURONS,VENTRAL CORD MOTOR NEURONS,VD06,"array([4.65681666, 1.68980732])"
315,MOTOR NEURONS,VENTRAL CORD MOTOR NEURONS,VD07,"array([4.64530998, 1.72204104])"
316,MOTOR NEURONS,VENTRAL CORD MOTOR NEURONS,VD08,"array([4.5905338 , 1.78319006])"
317,MOTOR NEURONS,VENTRAL CORD MOTOR NEURONS,VD09,"array([4.553959  , 1.81749362])"
318,MOTOR NEURONS,VENTRAL CORD MOTOR NEURONS,VD10,"array([4.54560266, 1.86841692])"
319,MOTOR NEURONS,VENTRAL CORD MOTOR NEURONS,VD11,"array([4.52015321, 1.90214496])"
320,MOTOR NEURONS,VENTRAL CORD MOTOR NEURONS,VD12,"array([4.50252738, 1.89564638])"
321,MOTOR NEURONS,VENTRAL CORD MOTOR NEURONS,VD13,"array([4.4877865 , 1.88585051])"
322,MOTOR NEURONS,BODYWALL MUSCLES,dBWML1,"array([4.46994495, 1.45416962])"
323,MOTOR NEURONS,BODYWALL MUSCLES,dBWML2,"array([4.44332071, 1.43575726])"
324,MOTOR NEURONS,BODYWALL MUSCLES,dBWML3,"array([4.39972549, 1.45051581])"
325,MOTOR NEURONS,BODYWALL MUSCLES,dBWML4,"array([4.41914431, 1.4665059 ])"
326,MOTOR NEURONS,BODYWALL MUSCLES,dBWML5,"array([4.41412203, 1.55341516])"
327,MOTOR NEURONS,BODYWALL MUSCLES,dBWML6,"array([4.49655023, 1.51575291])"
328,MOTOR NEURONS,BODYWALL MUSCLES,dBWML7,"array([4.54825966, 1.54262205])"
329,MOTOR NEURONS,BODYWALL MUSCLES,dBWMR1,"array([4.43196663, 1.45406699])"
330,MOTOR NEURONS,BODYWALL MUSCLES,dBWMR2,"array([4.426045  , 1.40506046])"
331,MOTOR NEURONS,BODYWALL MUSCLES,dBWMR3,"array([4.37042402, 1.49909214])"
332,MOTOR NEURONS,BODYWALL MUSCLES,dBWMR4,"array([4.43825489, 1.52386966])"
333,MOTOR NEURONS,BODYWALL MUSCLES,dBWMR5,"array([4.42587418, 1.53544917])"
334,MOTOR NEURONS,BODYWALL MUSCLES,dBWMR6,"array([4.49896721, 1.53551864])"
335,MOTOR NEURONS,BODYWALL MUSCLES,dBWMR7,"array([4.51936874, 1.53757361])"
336,MOTOR NEURONS,BODYWALL MUSCLES,vBWML1,"array([4.38510708, 1.46205081])"
337,MOTOR NEURONS,BODYWALL MUSCLES,vBWML2,"array([4.45212522, 1.45897382])"
338,MOTOR NEURONS,BODYWALL MUSCLES,vBWML3,"array([4.4557783 , 1.50535498])"
339,MOTOR NEURONS,BODYWALL MUSCLES,vBWML4,"array([4.41007863, 1.53179634])"
340,MOTOR NEURONS,BODYWALL MUSCLES,vBWML5,"array([4.47140339, 1.5133495 ])"
341,MOTOR NEURONS,BODYWALL MUSCLES,vBWML6,"array([4.48177528, 1.53184615])"
342,MOTOR NEURONS,BODYWALL MUSCLES,vBWML7,"array([4.53692758, 1.49957617])"
343,MOTOR NEURONS,BODYWALL MUSCLES,vBWMR1,"array([4.49449702, 1.44143057])"
344,MOTOR NEURONS,BODYWALL MUSCLES,vBWMR2,"array([4.46225074, 1.43129321])"
345,MOTOR NEURONS,BODYWALL MUSCLES,vBWMR3,"array([4.46650694, 1.48133959])"
346,MOTOR NEURONS,BODYWALL MUSCLES,vBWMR4,"array([4.43714887, 1.50056882])"
347,MOTOR NEURONS,BODYWALL MUSCLES,vBWMR5,"array([4.50302772, 1.46554974])"
348,MOTOR NEURONS,BODYWALL MUSCLES,vBWMR6,"array([4.47768236, 1.49618974])"
349,MOTOR NEURONS,BODYWALL MUSCLES,vBWMR7,"array([4.51854425, 1.48699212])"
350,MOTOR NEURONS,BODYWALL MUSCLES,dBWML8,"array([4.56156694, 1.5317641 ])"
351,MOTOR NEURONS,BODYWALL MUSCLES,dBWML9,"array([4.57252982, 1.56126574])"
352,MOTOR NEURONS,BODYWALL MUSCLES,dBWML10,"array([4.57087515, 1.58418791])"
353,MOTOR NEURONS,BODYWALL MUSCLES,dBWML11,"array([4.55936188, 1.62498038])"
354,MOTOR NEURONS,BODYWALL MUSCLES,dBWML12,"array([4.54508547, 1.64147328])"
355,MOTOR NEURONS,BODYWALL MUSCLES,dBWML13,"array([4.52368099, 1.64586744])"
356,MOTOR NEURONS,BODYWALL MUSCLES,dBWML14,"array([4.51748282, 1.6685208 ])"
357,MOTOR NEURONS,BODYWALL MUSCLES,dBWML15,"array([4.53380483, 1.66196767])"
358,MOTOR NEURONS,BODYWALL MUSCLES,dBWML16,"array([4.50880783, 1.69248007])"
359,MOTOR NEURONS,BODYWALL MUSCLES,dBWML17,"array([4.66499895, 1.80088582])"
360,MOTOR NEURONS,BODYWALL MUSCLES,dBWML18,"array([4.6419074, 1.7972187])"
361,MOTOR NEURONS,BODYWALL MUSCLES,dBWML19,"array([4.60665585, 1.84847577])"
362,MOTOR NEURONS,BODYWALL MUSCLES,dBWML20,"array([4.60745345, 1.87862578])"
363,MOTOR NEURONS,BODYWALL MUSCLES,dBWML21,"array([4.57427828, 1.9322647 ])"
364,MOTOR NEURONS,BODYWALL MUSCLES,dBWML22,"array([4.51402542, 1.98905203])"
365,MOTOR NEURONS,BODYWALL MUSCLES,dBWML23,"array([4.47559907, 1.96972582])"
366,MOTOR NEURONS,BODYWALL MUSCLES,dBWML24,"array([4.51519946, 1.94953115])"
367,MOTOR NEURONS,BODYWALL MUSCLES,dBWMR8,"array([4.57586524, 1.51723389])"
368,MOTOR NEURONS,BODYWALL MUSCLES,dBWMR9,"array([4.60730419, 1.56837246])"
369,MOTOR NEURONS,BODYWALL MUSCLES,dBWMR10,"array([4.5947644 , 1.59504547])"
370,MOTOR NEURONS,BODYWALL MUSCLES,dBWMR11,"array([4.57033568, 1.63837352])"
371,MOTOR NEURONS,BODYWALL MUSCLES,dBWMR12,"array([4.5956379 , 1.65229052])"
372,MOTOR NEURONS,BODYWALL MUSCLES,dBWMR13,"array([4.56621677, 1.66987055])"
373,MOTOR NEURONS,BODYWALL MUSCLES,dBWMR14,"array([4.54895395, 1.67445741])"
374,MOTOR NEURONS,BODYWALL MUSCLES,dBWMR15,"array([4.53062353, 1.68289036])"
375,MOTOR NEURONS,BODYWALL MUSCLES,dBWMR16,"array([4.52760684, 1.70364098])"
376,MOTOR NEURONS,BODYWALL MUSCLES,dBWMR17,"array([4.65885554, 1.77462161])"
377,MOTOR NEURONS,BODYWALL MUSCLES,dBWMR18,"array([4.64897247, 1.82239776])"
378,MOTOR NEURONS,BODYWALL MUSCLES,dBWMR19,"array([4.6216441 , 1.83323204])"
379,MOTOR NEURONS,BODYWALL MUSCLES,dBWMR20,"array([4.62891567, 1.87318028])"
380,MOTOR NEURONS,BODYWALL MUSCLES,dBWMR21,"array([4.59526778, 1.91241162])"
381,MOTOR NEURONS,BODYWALL MUSCLES,dBWMR22,"array([4.60530866, 1.93767814])"
382,MOTOR NEURONS,BODYWALL MUSCLES,dBWMR23,"array([4.54938078, 1.95400813])"
383,MOTOR NEURONS,BODYWALL MUSCLES,dBWMR24,"array([4.46474501, 1.98615297])"
384,MOTOR NEURONS,BODYWALL MUSCLES,vBWML8,"array([4.56245017, 1.50024259])"
385,MOTOR NEURONS,BODYWALL MUSCLES,vBWML9,"array([4.54527068, 1.51907238])"
386,MOTOR NEURONS,BODYWALL MUSCLES,vBWML10,"array([4.59147208, 1.50381584])"
387,MOTOR NEURONS,BODYWALL MUSCLES,vBWML11,"array([4.61220707, 1.5340023 ])"
388,MOTOR NEURONS,BODYWALL MUSCLES,vBWML12,"array([4.61649211, 1.58782844])"
389,MOTOR NEURONS,BODYWALL MUSCLES,vBWML13,"array([4.61590926, 1.60535124])"
390,MOTOR NEURONS,BODYWALL MUSCLES,vBWML14,"array([4.60337721, 1.61943375])"
391,MOTOR NEURONS,BODYWALL MUSCLES,vBWML15,"array([4.60254217, 1.66910026])"
392,MOTOR NEURONS,BODYWALL MUSCLES,vBWML16,"array([4.5880281 , 1.68056717])"
393,MOTOR NEURONS,BODYWALL MUSCLES,vBWML17,"array([4.50714416, 1.80262703])"
394,MOTOR NEURONS,BODYWALL MUSCLES,vBWML18,"array([4.65605717, 1.85374115])"
395,MOTOR NEURONS,BODYWALL MUSCLES,vBWML19,"array([4.57164079, 1.89096412])"
396,MOTOR NEURONS,BODYWALL MUSCLES,vBWML20,"array([4.50019202, 1.83130643])"
397,MOTOR NEURONS,BODYWALL MUSCLES,vBWML21,"array([4.49856543, 1.96801752])"
398,MOTOR NEURONS,BODYWALL MUSCLES,vBWML22,"array([4.45197079, 1.91156661])"
399,MOTOR NEURONS,BODYWALL MUSCLES,vBWML23,"array([4.57136205, 1.96502608])"
400,MOTOR NEURONS,BODYWALL MUSCLES,vBWMR8,"array([4.5459262 , 1.47599073])"
401,MOTOR NEURONS,BODYWALL MUSCLES,vBWMR9,"array([4.57692768, 1.48187107])"
402,MOTOR NEURONS,BODYWALL MUSCLES,vBWMR10,"array([4.61440756, 1.50745959])"
403,MOTOR NEURONS,BODYWALL MUSCLES,vBWMR11,"array([4.62603035, 1.54957344])"
404,MOTOR NEURONS,BODYWALL MUSCLES,vBWMR12,"array([4.63370618, 1.5792778 ])"
405,MOTOR NEURONS,BODYWALL MUSCLES,vBWMR13,"array([4.64394406, 1.59542603])"
406,MOTOR NEURONS,BODYWALL MUSCLES,vBWMR14,"array([4.63246809, 1.61035274])"
407,MOTOR NEURONS,BODYWALL MUSCLES,vBWMR15,"array([4.62000859, 1.62917417])"
408,MOTOR NEURONS,BODYWALL MUSCLES,vBWMR16,"array([4.58143379, 1.65977597])"
409,MOTOR NEURONS,BODYWALL MUSCLES,vBWMR17,"array([4.69907838, 1.81526241])"
410,MOTOR NEURONS,BODYWALL MUSCLES,vBWMR18,"array([4.57642208, 1.87024189])"
411,MOTOR NEURONS,BODYWALL MUSCLES,vBWMR19,"array([4.5539496 , 1.85093418])"
412,MOTOR NEURONS,BODYWALL MUSCLES,vBWMR20,"array([4.49235033, 1.81249644])"
413,MOTOR NEURONS,BODYWALL MUSCLES,vBWMR21,"array([4.4693962 , 1.91803282])"
414,MOTOR NEURONS,BODYWALL MUSCLES,vBWMR22,"array([4.54792445, 1.98101641])"
415,MOTOR NEURONS,BODYWALL MUSCLES,vBWMR23,"array([4.47812236, 1.92952943])"
416,MOTOR NEURONS,BODYWALL MUSCLES,vBWMR24,"array([4.44953077, 2.01738637])"
417,MOTOR NEURONS,OTHER END ORGANS,CEPshDL,"array([4.14140798, 1.56069755])"
418,MOTOR NEURONS,OTHER END ORGANS,CEPshDR,"array([4.14385663, 1.63152344])"
419,MOTOR NEURONS,OTHER END ORGANS,CEPshVL,"array([4.23224931, 1.53078554])"
420,MOTOR NEURONS,OTHER END ORGANS,CEPshVR,"array([4.27437202, 1.7705863 ])"
421,MOTOR NEURONS,OTHER END ORGANS,GLRDL,"array([3.62819842, 2.57849941])"
422,MOTOR NEURONS,OTHER END ORGANS,GLRDR,"array([5.02648914, 0.65746751])"
423,MOTOR NEURONS,OTHER END ORGANS,GLRL,"array([5.1900897 , 0.78230986])"
424,MOTOR NEURONS,OTHER END ORGANS,GLRR,"array([4.84063173, 0.55940876])"
425,MOTOR NEURONS,OTHER END ORGANS,GLRVL,"array([4.48872483, 1.35915905])"
426,MOTOR NEURONS,OTHER END ORGANS,GLRVR,"array([4.49633967, 1.40542302])"
427,MOTOR NEURONS,OTHER END ORGANS,CANL,"array([4.77613085, 1.82679443])"
428,MOTOR NEURONS,OTHER END ORGANS,CANR,"array([4.78794179, 1.74559259])"
429,MOTOR NEURONS,OTHER END ORGANS,exc_cell,"array([4.78725671, 1.78712475])"
430,MOTOR NEURONS,OTHER END ORGANS,exc_gl,"array([4.5418615 , 1.44313011])"
431,MOTOR NEURONS,OTHER END ORGANS,hyp,"array([4.43002054, 1.79241062])"
432,MOTOR NEURONS,OTHER END ORGANS,int,"array([5.58755176, 1.61673901])"
433,MOTOR NEURONS,OTHER END ORGANS,mu_intL,"array([4.32631338, 2.13601298])"
434,MOTOR NEURONS,OTHER END ORGANS,mu_intR,"array([4.24525527, 1.97820247])"
435,MOTOR NEURONS,OTHER END ORGANS,mu_anal,"array([4.24253767, 2.01856154])"
436,MOTOR NEURONS,OTHER END ORGANS,mu_sph,"array([4.23008955, 2.07005047])"
437,SEX-SPECIFIC,HEAD,CEMDL,"array([4.32181489, 1.62307755])"
438,SEX-SPECIFIC,HEAD,CEMDR,"array([4.30748389, 1.67081405])"
439,SEX-SPECIFIC,HEAD,CEMVL,"array([4.31651909, 1.64285454])"
440,SEX-SPECIFIC,HEAD,CEMVR,"array([4.37095906, 1.67898163])"
441,SEX-SPECIFIC,HEAD,MCML,"array([4.39579745, 1.6926369 ])"
442,SEX-SPECIFIC,HEAD,MCMR,"array([4.36866514, 1.69662763])"
443,SEX-SPECIFIC,SENSORY NEURONS,R1AL,"array([4.47135075, 1.88450095])"
444,SEX-SPECIFIC,SENSORY NEURONS,R1AR,"array([4.47737283, 2.01212512])"
445,SEX-SPECIFIC,SENSORY NEURONS,R1BL,"array([4.4019229 , 1.98070056])"
446,SEX-SPECIFIC,SENSORY NEURONS,R1BR,"array([4.45888056, 1.85099723])"
447,SEX-SPECIFIC,SENSORY NEURONS,R2AL,"array([4.42872836, 1.90692039])"
448,SEX-SPECIFIC,SENSORY NEURONS,R2AR,"array([4.45156568, 1.96766196])"
449,SEX-SPECIFIC,SENSORY NEURONS,R2BL,"array([4.38708811, 1.90820292])"
450,SEX-SPECIFIC,SENSORY NEURONS,R2BR,"array([4.37351363, 1.91724117])"
451,SEX-SPECIFIC,SENSORY NEURONS,R3AL,"array([4.45822399, 1.89600543])"
452,SEX-SPECIFIC,SENSORY NEURONS,R3AR,"array([4.48907359, 1.90761848])"
453,SEX-SPECIFIC,SENSORY NEURONS,R3BL,"array([4.40140835, 1.90069688])"
454,SEX-SPECIFIC,SENSORY NEURONS,R3BR,"array([4.39697913, 1.86648969])"
455,SEX-SPECIFIC,SENSORY NEURONS,R4AL,"array([4.43854675, 1.9584972 ])"
456,SEX-SPECIFIC,SENSORY NEURONS,R4AR,"array([4.45337511, 1.93169656])"
457,SEX-SPECIFIC,SENSORY NEURONS,R4BL,"array([4.38610196, 1.94346646])"
458,SEX-SPECIFIC,SENSORY NEURONS,R4BR,"array([4.37619263, 1.9012875 ])"
459,SEX-SPECIFIC,SENSORY NEURONS,R5AL,"array([4.44186287, 1.98849184])"
460,SEX-SPECIFIC,SENSORY NEURONS,R5AR,"array([4.48003176, 1.94758767])"
461,SEX-SPECIFIC,SENSORY NEURONS,R5BL,"array([4.42202922, 1.96654555])"
462,SEX-SPECIFIC,SENSORY NEURONS,R5BR,"array([4.44923871, 1.88048352])"
463,SEX-SPECIFIC,SENSORY NEURONS,R6AL,"array([4.4170653 , 1.98972913])"
464,SEX-SPECIFIC,SENSORY NEURONS,R6AR,"array([4.43727531, 1.92007709])"
465,SEX-SPECIFIC,SENSORY NEURONS,R6BL,"array([4.42140216, 1.94198277])"
466,SEX-SPECIFIC,SENSORY NEURONS,R6BR,"array([4.39000062, 1.81183548])"
467,SEX-SPECIFIC,SENSORY NEURONS,R7AL,"array([4.40885161, 1.94595377])"
468,SEX-SPECIFIC,SENSORY NEURONS,R7AR,"array([4.42057093, 1.92602945])"
469,SEX-SPECIFIC,SENSORY NEURONS,R7BL,"array([4.41543969, 1.91354177])"
470,SEX-SPECIFIC,SENSORY NEURONS,R7BR,"array([4.41960235, 1.89668672])"
471,SEX-SPECIFIC,SENSORY NEURONS,R8AL,"array([4.33483377, 1.89136879])"
472,SEX-SPECIFIC,SENSORY NEURONS,R8AR,"array([4.33526252, 1.8625786 ])"
473,SEX-SPECIFIC,SENSORY NEURONS,R8BL,"array([4.35931228, 1.91391762])"
474,SEX-SPECIFIC,SENSORY NEURONS,R8BR,"array([4.36796156, 1.93095952])"
475,SEX-SPECIFIC,SENSORY NEURONS,R9AL,"array([4.35971777, 1.86498927])"
476,SEX-SPECIFIC,SENSORY NEURONS,R9AR,"array([4.37246819, 1.88862655])"
477,SEX-SPECIFIC,SENSORY NEURONS,R9BL,"array([4.39518247, 1.82918983])"
478,SEX-SPECIFIC,SENSORY NEURONS,R9BR,"array([4.44114911, 1.89980431])"
479,SEX-SPECIFIC,SENSORY NEURONS,PHDL,"array([4.34360888, 1.90999109])"
480,SEX-SPECIFIC,SENSORY NEURONS,PHDR,"array([4.34792744, 1.87490679])"
481,SEX-SPECIFIC,SENSORY NEURONS,HOA,"array([4.35187467, 1.89052454])"
482,SEX-SPECIFIC,SENSORY NEURONS,HOB,"array([4.35820713, 1.90024213])"
483,SEX-SPECIFIC,SENSORY NEURONS,PCAL,"array([4.34854429, 1.93904332])"
484,SEX-SPECIFIC,SENSORY NEURONS,PCAR,"array([4.33043075, 1.87581007])"
485,SEX-SPECIFIC,SENSORY NEURONS,PCBL,"array([4.33118549, 1.94030226])"
486,SEX-SPECIFIC,SENSORY NEURONS,PCBR,"array([4.33011746, 1.92492513])"
487,SEX-SPECIFIC,SENSORY NEURONS,PCCL,"array([4.29136614, 1.93017555])"
488,SEX-SPECIFIC,SENSORY NEURONS,PCCR,"array([4.29590832, 1.90752866])"
489,SEX-SPECIFIC,SENSORY NEURONS,SPCL,"array([4.31346894, 1.94725484])"
490,SEX-SPECIFIC,SENSORY NEURONS,SPCR,"array([4.31090857, 1.92209707])"
491,SEX-SPECIFIC,SENSORY NEURONS,SPDL,"array([4.4323251 , 1.88896812])"
492,SEX-SPECIFIC,SENSORY NEURONS,SPDR,"array([4.4245476 , 1.88060786])"
493,SEX-SPECIFIC,SENSORY NEURONS,SPVL,"array([4.43725803, 1.84727458])"
494,SEX-SPECIFIC,SENSORY NEURONS,SPVR,"array([4.41292703, 1.86004745])"
495,SEX-SPECIFIC,INTERNEURONS,PVV,"array([4.43826453, 1.87400251])"
496,SEX-SPECIFIC,INTERNEURONS,PVX,"array([4.42900092, 1.8328688 ])"
497,SEX-SPECIFIC,INTERNEURONS,PVY,"array([4.42552985, 1.85931916])"
498,SEX-SPECIFIC,INTERNEURONS,PVZ,"array([4.46367753, 1.87265194])"
499,SEX-SPECIFIC,INTERNEURONS,DVE,"array([4.34643956, 1.84971463])"
500,SEX-SPECIFIC,INTERNEURONS,DVF,"array([4.38213267, 1.85132221])"
501,SEX-SPECIFIC,INTERNEURONS,DX1,"array([4.28613673, 1.8818383 ])"
502,SEX-SPECIFIC,INTERNEURONS,DX2,"array([4.34484996, 1.96278447])"
503,SEX-SPECIFIC,INTERNEURONS,DX3,"array([4.30639616, 1.89150081])"
504,SEX-SPECIFIC,INTERNEURONS,EF1,"array([4.36602619, 1.84895784])"
505,SEX-SPECIFIC,INTERNEURONS,EF2,"array([4.38204751, 1.83894386])"
506,SEX-SPECIFIC,INTERNEURONS,EF3,"array([4.3733641 , 1.80904235])"
507,SEX-SPECIFIC,INTERNEURONS,PDC,"array([4.46409492, 1.94454903])"
508,SEX-SPECIFIC,INTERNEURONS,PGA,"array([4.38597674, 1.92468831])"
509,SEX-SPECIFIC,INTERNEURONS,CA01,"array([3.23831291, 1.3823693 ])"
510,SEX-SPECIFIC,INTERNEURONS,CA02,"array([4.24608287, 1.81107547])"
511,SEX-SPECIFIC,INTERNEURONS,CA03,"array([4.38264224, 1.79140172])"
512,SEX-SPECIFIC,INTERNEURONS,CA04,"array([4.37384158, 1.94671339])"
513,SEX-SPECIFIC,INTERNEURONS,CA05,"array([4.3775897 , 1.86674476])"
514,SEX-SPECIFIC,INTERNEURONS,CA06,"array([4.35001523, 1.92549535])"
515,SEX-SPECIFIC,INTERNEURONS,CA07,"array([4.33536476, 1.81812569])"
516,SEX-SPECIFIC,INTERNEURONS,CA08,"array([4.43712822, 1.81433047])"
517,SEX-SPECIFIC,INTERNEURONS,CA09,"array([4.31397031, 1.81762942])"
518,SEX-SPECIFIC,INTERNEURONS,CP01,"array([4.403746  , 1.96126712])"
519,SEX-SPECIFIC,INTERNEURONS,CP02,"array([4.37267068, 1.96633205])"
520,SEX-SPECIFIC,INTERNEURONS,CP03,"array([4.38843558, 1.96126796])"
521,SEX-SPECIFIC,INTERNEURONS,CP04,"array([4.41223222, 1.87470305])"
522,SEX-SPECIFIC,INTERNEURONS,CP05,"array([4.36276595, 1.88094416])"
523,SEX-SPECIFIC,INTERNEURONS,CP06,"array([4.33098784, 1.90441102])"
524,SEX-SPECIFIC,INTERNEURONS,CP07,"array([4.39905233, 1.87927751])"
525,SEX-SPECIFIC,INTERNEURONS,CP08,"array([4.40023185, 1.93234853])"
526,SEX-SPECIFIC,INTERNEURONS,CP09,"array([4.40057151, 1.91620791])"
527,SEX-SPECIFIC,MUSCLES,dglL1,"array([4.61866626, 1.97289196])"
528,SEX-SPECIFIC,MUSCLES,dglL2,"array([4.22500142, 1.78692834])"
529,SEX-SPECIFIC,MUSCLES,dglL3,"array([5.55987992, 1.95376813])"
530,SEX-SPECIFIC,MUSCLES,dglL4,"array([4.37185331, 2.09879219])"
531,SEX-SPECIFIC,MUSCLES,dglL5,"array([4.41005715, 2.15930063])"
532,SEX-SPECIFIC,MUSCLES,dglL6,"array([4.35858928, 2.06033014])"
533,SEX-SPECIFIC,MUSCLES,dglL7,"array([4.44970283, 2.04587647])"
534,SEX-SPECIFIC,MUSCLES,dglR1,"array([4.49506789, 1.93533558])"
535,SEX-SPECIFIC,MUSCLES,dglR2,"array([4.52307977, 1.97112851])"
536,SEX-SPECIFIC,MUSCLES,dglR3,"array([4.54995051, 1.91995469])"
537,SEX-SPECIFIC,MUSCLES,dglR4,"array([3.26206625, 1.97692852])"
538,SEX-SPECIFIC,MUSCLES,dglR5,"array([4.5160161 , 2.13557279])"
539,SEX-SPECIFIC,MUSCLES,dglR6,"array([4.48041447, 2.11572203])"
540,SEX-SPECIFIC,MUSCLES,dglR7,"array([4.55885876, 2.0667265 ])"
541,SEX-SPECIFIC,MUSCLES,dglR8,"array([4.38119817, 2.02789778])"
542,SEX-SPECIFIC,MUSCLES,aobL,"array([4.27257255, 1.97825303])"
543,SEX-SPECIFIC,MUSCLES,aobR,"array([4.23080406, 1.95037705])"
544,SEX-SPECIFIC,MUSCLES,pobL,"array([4.2917348 , 2.00017614])"
545,SEX-SPECIFIC,MUSCLES,pobR,"array([4.22099411, 1.92093295])"
546,SEX-SPECIFIC,MUSCLES,gecL,"array([4.27243467, 2.05331958])"
547,SEX-SPECIFIC,MUSCLES,gecR,"array([4.19171459, 1.93942622])"
548,SEX-SPECIFIC,MUSCLES,grtL,"array([4.31576648, 2.04260306])"
549,SEX-SPECIFIC,MUSCLES,grtR,"array([4.20792019, 1.97791015])"
550,SEX-SPECIFIC,MUSCLES,cdlL,"array([4.36931294, 1.99458257])"
551,SEX-SPECIFIC,MUSCLES,cdlR,"array([4.50578916, 2.01265934])"
552,SEX-SPECIFIC,MUSCLES,ailL,"array([4.437829  , 1.93928284])"
553,SEX-SPECIFIC,MUSCLES,ailR,"array([4.4479423 , 1.86125457])"
554,SEX-SPECIFIC,MUSCLES,pilL,"array([3.21850021, 1.59676622])"
555,SEX-SPECIFIC,MUSCLES,pilR,"array([3.22654103, 1.78949758])"
556,SEX-SPECIFIC,MUSCLES,polL,"array([4.422887  , 2.02330572])"
557,SEX-SPECIFIC,MUSCLES,polR,"array([4.49356747, 2.04090244])"
558,SEX-SPECIFIC,MUSCLES,dspL,"array([4.18740185, 2.0610671 ])"
559,SEX-SPECIFIC,MUSCLES,dspR,"array([4.16254741, 2.00756105])"
560,SEX-SPECIFIC,MUSCLES,vspL,"array([4.251275  , 1.91210273])"
561,SEX-SPECIFIC,MUSCLES,vspR,"array([4.23839629, 1.87609901])"
562,SEX-SPECIFIC,MUSCLES,dsrL,"array([4.61973321, 0.4865554 ])"
563,SEX-SPECIFIC,MUSCLES,dsrR,"array([3.32874725, 2.16575039])"
564,SEX-SPECIFIC,MUSCLES,vsrL,"array([5.33327227, 0.93599349])"
565,SEX-SPECIFIC,MUSCLES,vsrR,"array([5.54285158, 1.34854315])"
566,SEX-SPECIFIC,OTHER,gonad,"array([4.29374226, 1.85675327])"
567,SEX-SPECIFIC,OTHER,proctodeum,"array([4.14473072, 1.87793724])"
568,SEX-SPECIFIC,OTHER,R1shR,"array([4.60902673, 2.00481278])"
569,SEX-SPECIFIC,OTHER,R2shR,"array([4.57645855, 2.02460464])"
570,SEX-SPECIFIC,OTHER,R3shL,"array([4.30476544, 2.10024866])"
571,SEX-SPECIFIC,OTHER,R5shL,"array([4.39985609, 2.08508357])"
572,SEX-SPECIFIC,OTHER,R7shL,"array([4.43172632, 2.1034056 ])"
573,SEX-SPECIFIC,OTHER,R7shR,"array([4.5125514 , 2.08142267])"
574,SEX-SPECIFIC,OTHER,R9shL,"array([4.19910993, 1.85404622])"
